"","impfa","impba","impku","impam","impin","impcr","impco","imphp","impha"
"impfa",1,0.699141704561145,0.0302596766797737,0.0381008732455691,0.113277018101175,0.0737173074581763,0.155198820602346,0.0354425371842113,0.124166420310117
"impba",0.699141704561145,1,0.00686410761454797,0.125399692574815,0.153421995960999,0.0980108493933401,0.179132687651544,0.0794315997170551,0.156268433433748
"impku",0.0302596766797737,0.00686410761454797,1,0.175252876552938,0.140303248071822,0.0541155257216525,0.135758071894242,0.181617827944266,0.0538123630383067
"impam",0.0381008732455691,0.125399692574815,0.175252876552938,1,0.382625867062631,0.232663125111294,0.36754193769413,0.205920232493818,0.107720669712097
"impin",0.113277018101175,0.153421995960999,0.140303248071822,0.382625867062631,1,0.241966329698052,0.308683557779633,0.207603910904408,0.100423282403065
"impcr",0.0737173074581763,0.0980108493933401,0.0541155257216525,0.232663125111294,0.241966329698052,1,0.241222527192762,0.248133610817559,0.314551968995014
"impco",0.155198820602346,0.179132687651544,0.135758071894242,0.36754193769413,0.308683557779633,0.241222527192762,1,0.312240002397971,0.182239239558014
"imphp",0.0354425371842113,0.0794315997170551,0.181617827944266,0.205920232493818,0.207603910904408,0.248133610817559,0.312240002397971,1,0.542792807387382
"impha",0.124166420310117,0.156268433433748,0.0538123630383067,0.107720669712097,0.100423282403065,0.314551968995014,0.182239239558014,0.542792807387382,1
