"","prefa","preba","preku","pream","prein","precr","preco","prehp","preha"
"prefa",1,0.633803812180846,0.139622595518564,0.132865908209272,0.18672335161891,0.218851800623847,0.21185514495747,0.17327870207036,0.2973996264637
"preba",0.633803812180846,1,0.110156481067358,0.234145369222242,0.274271912570555,0.202490937539074,0.252259976006057,0.150131274471149,0.24680148289404
"preku",0.139622595518564,0.110156481067358,1,0.336998926049331,0.260366097288117,0.171385629509159,0.245145040413466,0.286506288318379,0.204248676141189
"pream",0.132865908209272,0.234145369222242,0.336998926049331,1,0.363184706159619,0.195650019770767,0.335731515807895,0.236409940301912,0.152093722764898
"prein",0.18672335161891,0.274271912570555,0.260366097288117,0.363184706159619,1,0.272813529672257,0.37244189990912,0.183372667258205,0.190028983837124
"precr",0.218851800623847,0.202490937539074,0.171385629509159,0.195650019770767,0.272813529672257,1,0.255950615333158,0.339959380695606,0.276050666085519
"preco",0.21185514495747,0.252259976006057,0.245145040413466,0.335731515807895,0.37244189990912,0.255950615333158,1,0.280674350341598,0.246172489916417
"prehp",0.17327870207036,0.150131274471149,0.286506288318379,0.236409940301912,0.183372667258205,0.339959380695606,0.280674350341598,1,0.529719359268525
"preha",0.2973996264637,0.24680148289404,0.204248676141189,0.152093722764898,0.190028983837124,0.276050666085519,0.246172489916417,0.529719359268525,1
