"","gfattrac","gbattrac","gkindunder","gambitious","gintelligent","gcreative","gconfident","gfunny","gpercfunny"
"gfattrac",1,0.697060039355889,0.24456723120085,0.202991051280804,0.265829010101066,0.2235652794901,0.370346728967378,0.418669674296925,0.187527878382448
"gbattrac",0.697060039355889,1,0.223341730316318,0.20183401039914,0.2472917829705,0.200120369325838,0.337590445723525,0.372252711006268,0.200787066549708
"gkindunder",0.24456723120085,0.223341730316318,1,0.372178570754773,0.324157599074778,0.345250818968377,0.280512843303461,0.387172051461957,0.232442532955625
"gambitious",0.202991051280804,0.20183401039914,0.372178570754773,1,0.524780736886367,0.27446820049373,0.318597904629199,0.278582913780335,0.120645053051191
"gintelligent",0.265829010101066,0.2472917829705,0.324157599074778,0.524780736886367,1,0.181941443391449,0.390824090120014,0.299389535074324,0.145909836298954
"gcreative",0.2235652794901,0.200120369325838,0.345250818968377,0.27446820049373,0.181941443391449,1,0.238507105996775,0.315352316773414,0.212518764809337
"gconfident",0.370346728967378,0.337590445723525,0.280512843303461,0.318597904629199,0.390824090120014,0.238507105996775,1,0.607697837478837,0.228693875261887
"gfunny",0.418669674296925,0.372252711006268,0.387172051461957,0.278582913780335,0.299389535074324,0.315352316773414,0.607697837478837,1,0.429981087708462
"gpercfunny",0.187527878382448,0.200787066549708,0.232442532955625,0.120645053051191,0.145909836298954,0.212518764809337,0.228693875261887,0.429981087708462,1
